<?xml version="1.0" encoding="UTF-8"?>
<export version="D">
  <design>
    <source>C:\Users\barba\Documents\FDIM TTL TRANSMITTER PROJECT\FDIM TTL 74ACT240 SMD BOARD\ESP WSPR PCB TTL PA_FINAL.sch</source>
    <date>4/28/2024 11:34:19 AM</date>
    <tool>Eeschema (5.1.12)-1</tool>
    <sheet number="1" name="/" tstamps="/">
      <title_block>
        <title>FDIM 40m TTL Transmitter</title>
        <company>Barbaros Asuroglu WB2CBA</company>
        <rev>V1.0</rev>
        <date/>
        <source>ESP WSPR PCB TTL PA_FINAL.sch</source>
        <comment number="1" value=""/>
        <comment number="2" value=""/>
        <comment number="3" value=""/>
        <comment number="4" value=""/>
      </title_block>
    </sheet>
  </design>
  <components>
    <comp ref="C9">
      <value>100nF</value>
      <footprint>Capacitor_SMD:C_0805_2012Metric</footprint>
      <datasheet>~</datasheet>
      <libsource lib="pspice" part="CAP" description="Capacitor symbol for simulation only"/>
      <sheetpath names="/" tstamps="/"/>
      <tstamp>65D68CCF</tstamp>
    </comp>
    <comp ref="TR1">
      <value>T2_613_1</value>
      <footprint>T2_613_1:T2_613_1</footprint>
      <datasheet>~</datasheet>
      <libsource lib="T2_613_1" part="T2_613_1" description="Inductor"/>
      <sheetpath names="/" tstamps="/"/>
      <tstamp>65D68CE0</tstamp>
    </comp>
    <comp ref="TP3">
      <value>TestPoint</value>
      <footprint>TestPoint:TestPoint_THTPad_1.0x1.0mm_Drill0.5mm</footprint>
      <datasheet>~</datasheet>
      <libsource lib="Connector" part="TestPoint" description="test point"/>
      <sheetpath names="/" tstamps="/"/>
      <tstamp>65D68CF5</tstamp>
    </comp>
    <comp ref="C2">
      <value>680pF</value>
      <footprint>Capacitor_SMD:C_0805_2012Metric</footprint>
      <datasheet>~</datasheet>
      <libsource lib="pspice" part="CAP" description="Capacitor symbol for simulation only"/>
      <sheetpath names="/" tstamps="/"/>
      <tstamp>65D68CFD</tstamp>
    </comp>
    <comp ref="C3">
      <value>680pF</value>
      <footprint>Capacitor_SMD:C_0805_2012Metric</footprint>
      <datasheet>~</datasheet>
      <libsource lib="pspice" part="CAP" description="Capacitor symbol for simulation only"/>
      <sheetpath names="/" tstamps="/"/>
      <tstamp>65D68D03</tstamp>
    </comp>
    <comp ref="L1">
      <value> 21T-T37-6</value>
      <footprint>Inductor_THT:L_Toroid_Vertical_L10.0mm_W5.0mm_P5.08mm</footprint>
      <datasheet>~</datasheet>
      <libsource lib="Device" part="L_Core_Ferrite" description="Inductor with ferrite core"/>
      <sheetpath names="/" tstamps="/"/>
      <tstamp>65D68D09</tstamp>
    </comp>
    <comp ref="L2">
      <value> 24T-T37-6</value>
      <footprint>Inductor_THT:L_Toroid_Vertical_L10.0mm_W5.0mm_P5.08mm</footprint>
      <datasheet>~</datasheet>
      <libsource lib="Device" part="L_Core_Ferrite" description="Inductor with ferrite core"/>
      <sheetpath names="/" tstamps="/"/>
      <tstamp>65D68D0F</tstamp>
    </comp>
    <comp ref="C4">
      <value>270pF</value>
      <footprint>Capacitor_SMD:C_0805_2012Metric</footprint>
      <datasheet>~</datasheet>
      <libsource lib="pspice" part="CAP" description="Capacitor symbol for simulation only"/>
      <sheetpath names="/" tstamps="/"/>
      <tstamp>65D68D2C</tstamp>
    </comp>
    <comp ref="L3">
      <value> 21T-T37-6</value>
      <footprint>Inductor_THT:L_Toroid_Vertical_L10.0mm_W5.0mm_P5.08mm</footprint>
      <datasheet>~</datasheet>
      <libsource lib="Device" part="L_Core_Ferrite" description="Inductor with ferrite core"/>
      <sheetpath names="/" tstamps="/"/>
      <tstamp>65D68D32</tstamp>
    </comp>
    <comp ref="C1">
      <value>270pF</value>
      <footprint>Capacitor_SMD:C_0805_2012Metric</footprint>
      <datasheet>~</datasheet>
      <libsource lib="pspice" part="CAP" description="Capacitor symbol for simulation only"/>
      <sheetpath names="/" tstamps="/"/>
      <tstamp>65D68D45</tstamp>
    </comp>
    <comp ref="J1">
      <value>RF OUT 1</value>
      <footprint>Connector_Coaxial:BNC_Amphenol_B6252HB-NPP3G-50_Horizontal</footprint>
      <datasheet> ~</datasheet>
      <libsource lib="Connector" part="Conn_Coaxial" description="coaxial connector (BNC, SMA, SMB, SMC, Cinch/RCA, ...)"/>
      <sheetpath names="/" tstamps="/"/>
      <tstamp>65D68D4F</tstamp>
    </comp>
    <comp ref="R1">
      <value>1M</value>
      <footprint>Resistor_SMD:R_0805_2012Metric</footprint>
      <datasheet>~</datasheet>
      <libsource lib="Device" part="R" description="Resistor"/>
      <sheetpath names="/" tstamps="/"/>
      <tstamp>65D68D5A</tstamp>
    </comp>
    <comp ref="Y1">
      <value>7.030 Mhz</value>
      <footprint>Crystal:Crystal_HC49-U_Vertical</footprint>
      <datasheet>~</datasheet>
      <libsource lib="Device" part="Crystal" description="Two pin crystal"/>
      <sheetpath names="/" tstamps="/"/>
      <tstamp>65D25C31</tstamp>
    </comp>
    <comp ref="R2">
      <value>  1k</value>
      <footprint>Resistor_SMD:R_0805_2012Metric</footprint>
      <datasheet>~</datasheet>
      <libsource lib="Device" part="R" description="Resistor"/>
      <sheetpath names="/" tstamps="/"/>
      <tstamp>65D275E3</tstamp>
    </comp>
    <comp ref="C5">
      <value>22pF</value>
      <footprint>Capacitor_SMD:C_0805_2012Metric</footprint>
      <datasheet>~</datasheet>
      <libsource lib="Device" part="C" description="Unpolarized capacitor"/>
      <sheetpath names="/" tstamps="/"/>
      <tstamp>65D341FC</tstamp>
    </comp>
    <comp ref="C6">
      <value>22pF</value>
      <footprint>Capacitor_SMD:C_0805_2012Metric</footprint>
      <datasheet>~</datasheet>
      <libsource lib="Device" part="C" description="Unpolarized capacitor"/>
      <sheetpath names="/" tstamps="/"/>
      <tstamp>65D34F55</tstamp>
    </comp>
    <comp ref="C8">
      <value>100uF/16V</value>
      <footprint>Capacitor_SMD:CP_Elec_6.3x7.7</footprint>
      <datasheet>~</datasheet>
      <libsource lib="Device" part="CP1" description="Polarized capacitor, US symbol"/>
      <sheetpath names="/" tstamps="/"/>
      <tstamp>5E82A5C5</tstamp>
    </comp>
    <comp ref="J2">
      <value>EXT +5V </value>
      <footprint>Connector_PinHeader_2.54mm:PinHeader_1x02_P2.54mm_Vertical</footprint>
      <datasheet>https://media.digikey.com/pdf/Data%20Sheets/Molex%20PDFs/A-6373-N_Series_Dwg_2010-12-03.pdf</datasheet>
      <fields>
        <field name="Category">Connectors, Interconnects</field>
        <field name="DK_Datasheet_Link">https://media.digikey.com/pdf/Data%20Sheets/Molex%20PDFs/A-6373-N_Series_Dwg_2010-12-03.pdf</field>
        <field name="DK_Detail_Page">/product-detail/en/molex/22-23-2021/WM4200-ND/26667</field>
        <field name="Description">CONN HEADER VERT 2POS 2.54MM</field>
        <field name="Digi-Key_PN">WM4200-ND</field>
        <field name="Family">Rectangular Connectors - Headers, Male Pins</field>
        <field name="MPN">22-23-2021</field>
        <field name="Manufacturer">Molex</field>
        <field name="Status">Active</field>
      </fields>
      <libsource lib="ESP-WSPR-PCB-TTL-PA_FINAL-rescue" part="22-23-2021-dk_Rectangular-Connectors-Headers-Male-Pins" description=""/>
      <sheetpath names="/" tstamps="/"/>
      <tstamp>5E822BD4</tstamp>
    </comp>
    <comp ref="C7">
      <value>100nF</value>
      <footprint>Capacitor_SMD:C_0805_2012Metric</footprint>
      <datasheet>~</datasheet>
      <libsource lib="Device" part="C" description="Unpolarized capacitor"/>
      <sheetpath names="/" tstamps="/"/>
      <tstamp>65D78D82</tstamp>
    </comp>
    <comp ref="TP1">
      <value>TestPoint</value>
      <footprint>TestPoint:TestPoint_THTPad_1.0x1.0mm_Drill0.5mm</footprint>
      <datasheet>~</datasheet>
      <libsource lib="Connector" part="TestPoint" description="test point"/>
      <sheetpath names="/" tstamps="/"/>
      <tstamp>65D7D288</tstamp>
    </comp>
    <comp ref="TP2">
      <value>TestPoint</value>
      <footprint>TestPoint:TestPoint_THTPad_1.0x1.0mm_Drill0.5mm</footprint>
      <datasheet>~</datasheet>
      <libsource lib="Connector" part="TestPoint" description="test point"/>
      <sheetpath names="/" tstamps="/"/>
      <tstamp>65D81496</tstamp>
    </comp>
    <comp ref="U1">
      <value>74ACT240</value>
      <footprint>FDIM TTL 74ACT240 SMD BOARD:FDIM ACT240</footprint>
      <datasheet>https://assets.nexperia.com/documents/data-sheet/74HC_HCT240.pdf</datasheet>
      <libsource lib="74xx" part="74HC240" description="8-bit Buffer/Line Driver 3-state Inverting"/>
      <sheetpath names="/" tstamps="/"/>
      <tstamp>65D3BF04</tstamp>
    </comp>
    <comp ref="H1">
      <value>MountingHole_Pad</value>
      <footprint>MountingHole:MountingHole_3.2mm_M3_DIN965_Pad</footprint>
      <datasheet>~</datasheet>
      <libsource lib="Mechanical" part="MountingHole_Pad" description="Mounting Hole with connection"/>
      <sheetpath names="/" tstamps="/"/>
      <tstamp>662E7DD1</tstamp>
    </comp>
    <comp ref="H2">
      <value>MountingHole_Pad</value>
      <footprint>MountingHole:MountingHole_3.2mm_M3_DIN965_Pad</footprint>
      <datasheet>~</datasheet>
      <libsource lib="Mechanical" part="MountingHole_Pad" description="Mounting Hole with connection"/>
      <sheetpath names="/" tstamps="/"/>
      <tstamp>662E84B5</tstamp>
    </comp>
    <comp ref="H3">
      <value>MountingHole_Pad</value>
      <footprint>MountingHole:MountingHole_3.2mm_M3_DIN965_Pad</footprint>
      <datasheet>~</datasheet>
      <libsource lib="Mechanical" part="MountingHole_Pad" description="Mounting Hole with connection"/>
      <sheetpath names="/" tstamps="/"/>
      <tstamp>662E8B12</tstamp>
    </comp>
    <comp ref="H4">
      <value>MountingHole_Pad</value>
      <footprint>MountingHole:MountingHole_3.2mm_M3_DIN965_Pad</footprint>
      <datasheet>~</datasheet>
      <libsource lib="Mechanical" part="MountingHole_Pad" description="Mounting Hole with connection"/>
      <sheetpath names="/" tstamps="/"/>
      <tstamp>662E91F8</tstamp>
    </comp>
  </components>
  <libparts>
    <libpart lib="74xx" part="74HC240">
      <aliases>
        <alias>74HCT240</alias>
        <alias>74AHC240</alias>
        <alias>74AHCT240</alias>
      </aliases>
      <description>8-bit Buffer/Line Driver 3-state Inverting</description>
      <docs>https://assets.nexperia.com/documents/data-sheet/74HC_HCT240.pdf</docs>
      <footprints>
        <fp>DIP*W7.62mm*</fp>
        <fp>SOIC*7.5x12.8mm*P1.27mm*</fp>
        <fp>TSSOP*4.4x6.5mm*P0.65mm*</fp>
        <fp>SSOP*4.4x6.5mm*P0.65mm*</fp>
      </footprints>
      <fields>
        <field name="Reference">U</field>
        <field name="Value">74HC240</field>
      </fields>
      <pins>
        <pin num="1" name="1OE" type="input"/>
        <pin num="2" name="1A0" type="input"/>
        <pin num="3" name="2Y0" type="3state"/>
        <pin num="4" name="1A1" type="input"/>
        <pin num="5" name="2Y1" type="3state"/>
        <pin num="6" name="1A2" type="input"/>
        <pin num="7" name="2Y2" type="3state"/>
        <pin num="8" name="1A3" type="input"/>
        <pin num="9" name="2Y3" type="3state"/>
        <pin num="10" name="GND" type="power_in"/>
        <pin num="11" name="2A3" type="input"/>
        <pin num="12" name="1Y3" type="3state"/>
        <pin num="13" name="2A2" type="input"/>
        <pin num="14" name="1Y2" type="3state"/>
        <pin num="15" name="2A1" type="input"/>
        <pin num="16" name="1Y1" type="3state"/>
        <pin num="17" name="2A0" type="input"/>
        <pin num="18" name="1Y0" type="3state"/>
        <pin num="19" name="2OE" type="input"/>
        <pin num="20" name="VCC" type="power_in"/>
      </pins>
    </libpart>
    <libpart lib="Connector" part="Conn_Coaxial">
      <description>coaxial connector (BNC, SMA, SMB, SMC, Cinch/RCA, ...)</description>
      <docs> ~</docs>
      <footprints>
        <fp>*BNC*</fp>
        <fp>*SMA*</fp>
        <fp>*SMB*</fp>
        <fp>*SMC*</fp>
        <fp>*Cinch*</fp>
      </footprints>
      <fields>
        <field name="Reference">J</field>
        <field name="Value">Conn_Coaxial</field>
      </fields>
      <pins>
        <pin num="1" name="In" type="passive"/>
        <pin num="2" name="Ext" type="passive"/>
      </pins>
    </libpart>
    <libpart lib="Connector" part="TestPoint">
      <description>test point</description>
      <docs>~</docs>
      <footprints>
        <fp>Pin*</fp>
        <fp>Test*</fp>
      </footprints>
      <fields>
        <field name="Reference">TP</field>
        <field name="Value">TestPoint</field>
      </fields>
      <pins>
        <pin num="1" name="1" type="passive"/>
      </pins>
    </libpart>
    <libpart lib="Device" part="C">
      <description>Unpolarized capacitor</description>
      <docs>~</docs>
      <footprints>
        <fp>C_*</fp>
      </footprints>
      <fields>
        <field name="Reference">C</field>
        <field name="Value">C</field>
      </fields>
      <pins>
        <pin num="1" name="~" type="passive"/>
        <pin num="2" name="~" type="passive"/>
      </pins>
    </libpart>
    <libpart lib="Device" part="CP1">
      <description>Polarized capacitor, US symbol</description>
      <docs>~</docs>
      <footprints>
        <fp>CP_*</fp>
      </footprints>
      <fields>
        <field name="Reference">C</field>
        <field name="Value">CP1</field>
      </fields>
      <pins>
        <pin num="1" name="~" type="passive"/>
        <pin num="2" name="~" type="passive"/>
      </pins>
    </libpart>
    <libpart lib="Device" part="Crystal">
      <description>Two pin crystal</description>
      <docs>~</docs>
      <footprints>
        <fp>Crystal*</fp>
      </footprints>
      <fields>
        <field name="Reference">Y</field>
        <field name="Value">Crystal</field>
      </fields>
      <pins>
        <pin num="1" name="1" type="passive"/>
        <pin num="2" name="2" type="passive"/>
      </pins>
    </libpart>
    <libpart lib="Device" part="L_Core_Ferrite">
      <description>Inductor with ferrite core</description>
      <docs>~</docs>
      <footprints>
        <fp>Choke_*</fp>
        <fp>*Coil*</fp>
        <fp>Inductor_*</fp>
        <fp>L_*</fp>
      </footprints>
      <fields>
        <field name="Reference">L</field>
        <field name="Value">L_Core_Ferrite</field>
      </fields>
      <pins>
        <pin num="1" name="1" type="passive"/>
        <pin num="2" name="2" type="passive"/>
      </pins>
    </libpart>
    <libpart lib="Device" part="R">
      <description>Resistor</description>
      <docs>~</docs>
      <footprints>
        <fp>R_*</fp>
      </footprints>
      <fields>
        <field name="Reference">R</field>
        <field name="Value">R</field>
      </fields>
      <pins>
        <pin num="1" name="~" type="passive"/>
        <pin num="2" name="~" type="passive"/>
      </pins>
    </libpart>
    <libpart lib="ESP-WSPR-PCB-TTL-PA_FINAL-rescue" part="22-23-2021-dk_Rectangular-Connectors-Headers-Male-Pins">
      <fields>
        <field name="Reference">J</field>
        <field name="Value">22-23-2021-dk_Rectangular-Connectors-Headers-Male-Pins</field>
        <field name="Footprint">digikey-footprints:PinHeader_1x2_P2.54mm_Drill1.02mm</field>
        <field name="Datasheet">https://media.digikey.com/pdf/Data%20Sheets/Molex%20PDFs/A-6373-N_Series_Dwg_2010-12-03.pdf</field>
        <field name="Digi-Key_PN">WM4200-ND</field>
        <field name="MPN">22-23-2021</field>
        <field name="Category">Connectors, Interconnects</field>
        <field name="Family">Rectangular Connectors - Headers, Male Pins</field>
        <field name="DK_Datasheet_Link">https://media.digikey.com/pdf/Data%20Sheets/Molex%20PDFs/A-6373-N_Series_Dwg_2010-12-03.pdf</field>
        <field name="DK_Detail_Page">/product-detail/en/molex/22-23-2021/WM4200-ND/26667</field>
        <field name="Description">CONN HEADER VERT 2POS 2.54MM</field>
        <field name="Manufacturer">Molex</field>
        <field name="Status">Active</field>
      </fields>
      <pins>
        <pin num="1" name="~" type="passive"/>
        <pin num="2" name="~" type="passive"/>
      </pins>
    </libpart>
    <libpart lib="Mechanical" part="MountingHole_Pad">
      <description>Mounting Hole with connection</description>
      <docs>~</docs>
      <footprints>
        <fp>MountingHole*Pad*</fp>
      </footprints>
      <fields>
        <field name="Reference">H</field>
        <field name="Value">MountingHole_Pad</field>
      </fields>
      <pins>
        <pin num="1" name="1" type="input"/>
      </pins>
    </libpart>
    <libpart lib="T2_613_1" part="T2_613_1">
      <description>Inductor</description>
      <docs>~</docs>
      <footprints>
        <fp>Choke_*</fp>
        <fp>*Coil*</fp>
        <fp>Inductor_*</fp>
        <fp>L_*</fp>
      </footprints>
      <fields>
        <field name="Reference">TR</field>
        <field name="Value">T2_613_1</field>
      </fields>
      <pins>
        <pin num="1" name="1" type="passive"/>
        <pin num="2" name="2" type="passive"/>
        <pin num="3" name="3" type="passive"/>
        <pin num="4" name="4" type="passive"/>
        <pin num="5" name="5" type="passive"/>
        <pin num="6" name="6" type="passive"/>
      </pins>
    </libpart>
    <libpart lib="pspice" part="CAP">
      <aliases>
        <alias>C</alias>
      </aliases>
      <description>Capacitor symbol for simulation only</description>
      <docs>~</docs>
      <fields>
        <field name="Reference">C</field>
        <field name="Value">CAP</field>
      </fields>
      <pins>
        <pin num="1" name="~" type="passive"/>
        <pin num="2" name="~" type="passive"/>
      </pins>
    </libpart>
  </libparts>
  <libraries>
    <library logical="74xx">
      <uri>C:\Program Files\KiCad\share\kicad\library/74xx.lib</uri>
    </library>
    <library logical="Connector">
      <uri>C:\Program Files\KiCad\share\kicad\library/Connector.lib</uri>
    </library>
    <library logical="Device">
      <uri>C:\Program Files\KiCad\share\kicad\library/Device.lib</uri>
    </library>
    <library logical="ESP-WSPR-PCB-TTL-PA_FINAL-rescue">
      <uri>C:\Users\barba\Documents\FDIM TTL TRANSMITTER PROJECT\FDIM TTL 74ACT240 SMD BOARD/ESP WSPR PCB TTL PA_FINAL-rescue.lib</uri>
    </library>
    <library logical="Mechanical">
      <uri>C:\Program Files\KiCad\share\kicad\library/Mechanical.lib</uri>
    </library>
    <library logical="T2_613_1">
      <uri>C:/Users/barba/Documents/DX PROJECT/DX LITE/LPF with Transformer module/T2_613_1.lib</uri>
    </library>
    <library logical="pspice">
      <uri>C:\Program Files\KiCad\share\kicad\library/pspice.lib</uri>
    </library>
  </libraries>
  <nets>
    <net code="1" name="Net-(C4-Pad1)">
      <node ref="C4" pin="1"/>
      <node ref="J1" pin="1"/>
      <node ref="L3" pin="2"/>
      <node ref="TP1" pin="1"/>
    </net>
    <net code="2" name="Net-(C7-Pad1)">
      <node ref="C8" pin="1"/>
      <node ref="U1" pin="20"/>
      <node ref="J2" pin="2"/>
      <node ref="C7" pin="1"/>
    </net>
    <net code="3" name="GNDPWR">
      <node ref="C3" pin="2"/>
      <node ref="H3" pin="1"/>
      <node ref="H2" pin="1"/>
      <node ref="H1" pin="1"/>
      <node ref="TR1" pin="1"/>
      <node ref="J1" pin="2"/>
      <node ref="C2" pin="2"/>
      <node ref="C7" pin="2"/>
      <node ref="U1" pin="19"/>
      <node ref="C4" pin="2"/>
      <node ref="C6" pin="2"/>
      <node ref="U1" pin="10"/>
      <node ref="U1" pin="1"/>
      <node ref="C5" pin="2"/>
      <node ref="C8" pin="2"/>
      <node ref="J2" pin="1"/>
      <node ref="H4" pin="1"/>
      <node ref="C1" pin="1"/>
    </net>
    <net code="4" name="Net-(C9-Pad2)">
      <node ref="U1" pin="16"/>
      <node ref="U1" pin="14"/>
      <node ref="U1" pin="12"/>
      <node ref="U1" pin="3"/>
      <node ref="U1" pin="9"/>
      <node ref="U1" pin="7"/>
      <node ref="U1" pin="5"/>
      <node ref="C9" pin="2"/>
    </net>
    <net code="6" name="Net-(C1-Pad2)">
      <node ref="L1" pin="1"/>
      <node ref="TP2" pin="1"/>
      <node ref="C1" pin="2"/>
      <node ref="TR1" pin="4"/>
    </net>
    <net code="7" name="Net-(C2-Pad1)">
      <node ref="C2" pin="1"/>
      <node ref="L1" pin="2"/>
      <node ref="L2" pin="1"/>
    </net>
    <net code="8" name="Net-(C3-Pad1)">
      <node ref="L3" pin="1"/>
      <node ref="L2" pin="2"/>
      <node ref="C3" pin="1"/>
    </net>
    <net code="9" name="Net-(C9-Pad1)">
      <node ref="TR1" pin="3"/>
      <node ref="TR1" pin="2"/>
      <node ref="TP3" pin="1"/>
      <node ref="C9" pin="1"/>
    </net>
    <net code="10" name="Net-(TR1-Pad5)">
      <node ref="TR1" pin="5"/>
    </net>
    <net code="11" name="Net-(TR1-Pad6)">
      <node ref="TR1" pin="6"/>
    </net>
    <net code="12" name="Net-(R1-Pad2)">
      <node ref="U1" pin="18"/>
      <node ref="U1" pin="17"/>
      <node ref="U1" pin="15"/>
      <node ref="U1" pin="13"/>
      <node ref="U1" pin="11"/>
      <node ref="U1" pin="6"/>
      <node ref="U1" pin="8"/>
      <node ref="R1" pin="2"/>
      <node ref="R2" pin="2"/>
      <node ref="U1" pin="4"/>
    </net>
    <net code="13" name="Net-(C5-Pad1)">
      <node ref="Y1" pin="1"/>
      <node ref="C5" pin="1"/>
      <node ref="R1" pin="1"/>
      <node ref="U1" pin="2"/>
    </net>
    <net code="14" name="Net-(C6-Pad1)">
      <node ref="Y1" pin="2"/>
      <node ref="C6" pin="1"/>
      <node ref="R2" pin="1"/>
    </net>
  </nets>
</export>
