Designator,Val,Package,Mid X,Mid Y,Rotation,Layer
C1,270pF,C_0805_2012Metric,173.5,-60.8,180,top
C2,680pF,C_0805_2012Metric,171.9,-49.9,180,top
C3,680pF,C_0805_2012Metric,171.9,-39.1,180,top
C4,270pF,C_0805_2012Metric,169.8,-28.6,180,top
C5,22pF,C_0805_2012Metric,108.4,-60.9,180,top
C6,22pF,C_0805_2012Metric,111.2,-44.8,90,top
C7,100nF,C_0805_2012Metric,110.4,-39.4,270,top
C8,100uF/16V,CP_Elec_6.3x7.7,103.5,-39.2,270,top
C9,100nF,C_0805_2012Metric,153.2,-51.1,180,top
R1,1M,R_0805_2012Metric,103.7,-50.0125,90,top
R2,  1k,R_0805_2012Metric,108.8,-44.8125,90,top
